https://batdongsan.com.vn/nha-dat-ban-ha-noi/p41,30,0
https://batdongsan.com.vn/nha-dat-ban-ha-noi/p42,30,0
https://batdongsan.com.vn/nha-dat-ban-ha-noi/p43,30,0
https://batdongsan.com.vn/nha-dat-ban-ha-noi/p44,30,0
https://batdongsan.com.vn/nha-dat-ban-ha-noi/p45,30,0
https://batdongsan.com.vn/nha-dat-ban-ha-noi/p46,30,0
https://batdongsan.com.vn/nha-dat-ban-ha-noi/p47,30,0
https://batdongsan.com.vn/nha-dat-ban-ha-noi/p48,30,0
https://batdongsan.com.vn/nha-dat-ban-ha-noi/p49,30,0
https://batdongsan.com.vn/nha-dat-ban-ha-noi/p50,30,0
https://batdongsan.com.vn/nha-dat-ban-ha-noi/p51,30,0
https://batdongsan.com.vn/nha-dat-ban-ha-noi/p52,30,0
https://batdongsan.com.vn/nha-dat-ban-ha-noi/p53,30,0
https://batdongsan.com.vn/nha-dat-ban-ha-noi/p54,30,0
https://batdongsan.com.vn/nha-dat-ban-ha-noi/p55,30,0
https://batdongsan.com.vn/nha-dat-ban-ha-noi/p56,30,0
https://batdongsan.com.vn/nha-dat-ban-ha-noi/p57,30,0
https://batdongsan.com.vn/nha-dat-ban-ha-noi/p58,30,0
